time_s,q1_rad,q2_rad,q3_cm,dq1_rad_s,dq2_rad_s,dq3_cm_s,ddq1_rad_s2,ddq2_rad_s2,ddq3_cm_s2
0,1.0471975511966,-2.0943951023932,-1,0,0,0,0.129784293109832,0.0764192569092161,0
0.01,1.04720404041125,-2.09439128143035,-1,0.00129784293109832,0.000764192569092161,0,0.129784293109832,0.0764192569092161,0
0.02,1.04722350805522,-2.09437981854181,-1,0.00259568586219664,0.00152838513818432,0,0.129784293109832,0.0764192569092161,0
0.03,1.0472559541285,-2.09436071372759,-1,0.00389352879329496,0.00229257770727648,0,0.129784293109832,0.0764192569092161,0
0.04,1.04730137863109,-2.09433396698767,-1,0.00519137172439328,0.00305677027636864,0,0.129784293109832,0.0764192569092161,0
0.05,1.04735978156299,-2.09429957832206,-1,0.0064892146554916,0.00382096284546081,0,0.129784293109832,0.0764192569092161,0
0.06,1.0474311629242,-2.09425754773076,-1,0.00778705758658992,0.00458515541455297,0,0.129784293109832,0.0764192569092161,0
0.07,1.04751552271472,-2.09420787521377,-1,0.00908490051768824,0.00534934798364513,0,0.129784293109832,0.0764192569092161,0
0.08,1.04761286093455,-2.09415056077109,-1,0.0103827434487866,0.00611354055273729,0,0.129784293109832,0.0764192569092161,0
0.09,1.04772317758369,-2.09408560440271,-1,0.0116805863798849,0.00687773312182945,0,0.129784293109832,0.0764192569092161,0
0.1,1.04784647266215,-2.09401300610865,-1,0.0129784293109832,0.00764192569092161,0,0.129784293109832,0.0764192569092161,0
0.11,1.04798274616991,-2.0939327658889,-1,0.0142762722420815,0.00840611826001377,0,0.129784293109832,0.0764192569092161,0
0.12,1.04813199810699,-2.09384488374345,-1,0.0155741151731798,0.00917031082910593,0,0.129784293109832,0.0764192569092161,0
0.13,1.04829422847338,-2.09374935967231,-1,0.0168719581042782,0.0099345033981981,0,0.129784293109832,0.0764192569092161,0
0.14,1.04846943726907,-2.09364619367549,-1,0.0181698010353765,0.0106986959672903,0,0.129784293109832,0.0764192569092161,0
0.15,1.04865762449408,-2.09353538575297,-1,0.0194676439664748,0.0114628885363824,0,0.129784293109832,0.0764192569092161,0
0.16,1.0488587901484,-2.09341693590476,-1,0.0207654868975731,0.0122270811054746,0,0.129784293109832,0.0764192569092161,0
0.17,1.04907293423203,-2.09329084413086,-1,0.0220633298286715,0.0129912736745667,0,0.129784293109832,0.0764192569092161,0
0.18,1.04930005674498,-2.09315711043127,-1,0.0233611727597698,0.0137554662436589,0,0.129784293109832,0.0764192569092161,0
0.19,1.04954015768723,-2.09301573480598,-1,0.0246590156908681,0.0145196588127511,0,0.129784293109832,0.0764192569092161,0
0.2,1.04979323705879,-2.09286671725501,-1,0.0259568586219664,0.0152838513818432,0,0.129784293109832,0.0764192569092161,0
0.21,1.05005929485967,-2.09271005777835,-1,0.0272547015530647,0.0160480439509354,0,0.129784293109832,0.0764192569092161,0
0.22,1.05033833108986,-2.09254575637599,-1,0.0285525444841631,0.0168122365200275,0,0.129784293109832,0.0764192569092161,0
0.23,1.05063034574935,-2.09237381304795,-1,0.0298503874152614,0.0175764290891197,0,0.129784293109832,0.0764192569092161,0
0.24,1.05093533883816,-2.09219422779421,-1,0.0311482303463597,0.0183406216582119,0,0.129784293109832,0.0764192569092161,0
0.25,1.05125331035628,-2.09200700061478,-1,0.032446073277458,0.019104814227304,0,0.129784293109832,0.0764192569092161,0
0.26,1.05158426030371,-2.09181213150966,-1,0.0337439162085563,0.0198690067963962,0,0.129784293109832,0.0764192569092161,0
0.27,1.05192818868045,-2.09160962047885,-1,0.0350417591396547,0.0206331993654884,0,0.129784293109832,0.0764192569092161,0
0.28,1.0522850954865,-2.09139946752235,-1,0.036339602070753,0.0213973919345805,0,0.129784293109832,0.0764192569092161,0
0.29,1.05265498072187,-2.09118167264016,-1,0.0376374450018513,0.0221615845036727,0,0.129784293109832,0.0764192569092161,0
0.3,1.05303784438654,-2.09095623583228,-1,0.0389352879329496,0.0229257770727648,0,0.129784293109832,0.0764192569092161,0
0.31,1.05343368648053,-2.09072315709871,-1,0.0402331308640479,0.023689969641857,0,0.129784293109832,0.0764192569092161,0
0.32,1.05384250700382,-2.09048243643944,-1,0.0415309737951463,0.0244541622109492,0,0.129784293109832,0.0764192569092161,0
0.33,1.05426430595643,-2.09023407385449,-1,0.0428288167262446,0.0252183547800413,0,0.129784293109832,0.0764192569092161,0
0.34,1.05469908333835,-2.08997806934384,-1,0.0441266596573429,0.0259825473491335,0,0.129784293109832,0.0764192569092161,0
0.35,1.05514683914958,-2.08971442290751,-1,0.0454245025884412,0.0267467399182256,0,0.129784293109832,0.0764192569092161,0
0.36,1.05560757339011,-2.08944313454548,-1,0.0467223455195395,0.0275109324873178,0,0.129784293109832,0.0764192569092161,0
0.37,1.05608128605997,-2.08916420425776,-1,0.0480201884506379,0.02827512505641,0,0.129784293109832,0.0764192569092161,0
0.38,1.05656797715913,-2.08887763204435,-1,0.0493180313817362,0.0290393176255021,0,0.129784293109832,0.0764192569092161,0
0.39,1.0570676466876,-2.08858341790525,-1,0.0506158743128345,0.0298035101945943,0,0.129784293109832,0.0764192569092161,0
0.4,1.05758029464538,-2.08828156184046,-1,0.0519137172439328,0.0305677027636864,0,0.129784293109832,0.0764192569092161,0
0.41,1.05810592103248,-2.08797206384998,-1,0.0532115601750311,0.0313318953327786,0,0.129784293109832,0.0764192569092161,0
0.42,1.05864452584889,-2.0876549239338,-1,0.0545094031061295,0.0320960879018708,0,0.129784293109832,0.0764192569092161,0
0.43,1.0591961090946,-2.08733014209194,-1,0.0558072460372278,0.0328602804709629,0,0.129784293109832,0.0764192569092161,0
0.44,1.05976067076963,-2.08699771832438,-1,0.0571050889683261,0.0336244730400551,0,0.129784293109832,0.0764192569092161,0
0.45,1.06033821087397,-2.08665765263114,-1,0.0584029318994244,0.0343886656091473,0,0.129784293109832,0.0764192569092161,0
0.46,1.06092872940762,-2.0863099450122,-1,0.0597007748305227,0.0351528581782394,0,0.129784293109832,0.0764192569092161,0
0.47,1.06153222637058,-2.08595459546757,-1,0.0609986177616211,0.0359170507473316,0,0.129784293109832,0.0764192569092161,0
0.48,1.06214870176285,-2.08559160399725,-1,0.0622964606927194,0.0366812433164237,0,0.129784293109832,0.0764192569092161,0
0.49,1.06277815558443,-2.08522097060124,-1,0.0635943036238177,0.0374454358855159,0,0.129784293109832,0.0764192569092161,0
0.5,1.06342058783533,-2.08484269527954,-1,0.064892146554916,0.0382096284546081,0,0.129784293109832,0.0764192569092161,0
0.51,1.06407599851553,-2.08445677803215,-1,0.0661899894860143,0.0389738210237002,0,0.129784293109832,0.0764192569092161,0
0.52,1.06474438762505,-2.08406321885907,-1,0.0674878324171127,0.0397380135927924,0,0.129784293109832,0.0764192569092161,0
0.53,1.06542575516387,-2.0836620177603,-1,0.068785675348211,0.0405022061618845,0,0.129784293109832,0.0764192569092161,0
0.54,1.06612010113201,-2.08325317473583,-1,0.0700835182793093,0.0412663987309767,0,0.129784293109832,0.0764192569092161,0
0.55,1.06682742552946,-2.08283668978568,-1,0.0713813612104076,0.0420305913000689,0,0.129784293109832,0.0764192569092161,0
0.56,1.06754772835622,-2.08241256290983,-1,0.072679204141506,0.042794783869161,0,0.129784293109832,0.0764192569092161,0
0.57,1.06828100961229,-2.08198079410829,-1,0.0739770470726043,0.0435589764382532,0,0.129784293109832,0.0764192569092161,0
0.58,1.06902726929767,-2.08154138338107,-1,0.0752748900037026,0.0443231690073453,0,0.129784293109832,0.0764192569092161,0
0.59,1.06978650741236,-2.08109433072815,-1,0.0765727329348009,0.0450873615764375,0,0.129784293109832,0.0764192569092161,0
0.6,1.07055872395637,-2.08063963614954,-1,0.0778705758658992,0.0458515541455297,0,0.129784293109832,0.0764192569092161,0
0.61,1.07134391892968,-2.08017729964524,-1,0.0791684187969976,0.0466157467146218,0,0.129784293109832,0.0764192569092161,0
0.62,1.07214209233231,-2.07970732121524,-1,0.0804662617280959,0.047379939283714,0,0.129784293109832,0.0764192569092161,0
0.63,1.07295324416424,-2.07922970085956,-1,0.0817641046591942,0.0481441318528062,0,0.129784293109832,0.0764192569092161,0
0.64,1.07377737442549,-2.07874443857819,-1,0.0830619475902925,0.0489083244218983,0,0.129784293109832,0.0764192569092161,0
0.65,1.07461448311605,-2.07825153437112,-1,0.0843597905213908,0.0496725169909905,0,0.129784293109832,0.0764192569092161,0
0.66,1.07546457023592,-2.07775098823837,-1,0.0856576334524892,0.0504367095600826,0,0.129784293109832,0.0764192569092161,0
0.67,1.0763276357851,-2.07724280017992,-1,0.0869554763835875,0.0512009021291748,0,0.129784293109832,0.0764192569092161,0
0.68,1.07720367976359,-2.07672697019578,-1,0.0882533193146858,0.051965094698267,0,0.129784293109832,0.0764192569092161,0
0.69,1.07809270217139,-2.07620349828596,-1,0.0895511622457841,0.0527292872673591,0,0.129784293109832,0.0764192569092161,0
0.7,1.07899470300851,-2.07567238445044,-1,0.0908490051768824,0.0534934798364513,0,0.129784293109832,0.0764192569092161,0
0.71,1.07990968227493,-2.07513362868923,-1,0.0921468481079808,0.0542576724055434,0,0.129784293109832,0.0764192569092161,0
0.72,1.08083763997067,-2.07458723100233,-1,0.0934446910390791,0.0550218649746356,0,0.129784293109832,0.0764192569092161,0
0.73,1.08177857609571,-2.07403319138974,-1,0.0947425339701774,0.0557860575437278,0,0.129784293109832,0.0764192569092161,0
0.74,1.08273249065007,-2.07347150985145,-1,0.0960403769012757,0.0565502501128199,0,0.129784293109832,0.0764192569092161,0
0.75,1.08369938363374,-2.07290218638748,-1,0.097338219832374,0.0573144426819121,0,0.129784293109832,0.0764192569092161,0
0.76,1.08467925504672,-2.07232522099781,-1,0.0986360627634724,0.0580786352510042,0,0.129784293109832,0.0764192569092161,0
0.77,1.08567210488901,-2.07174061368246,-1,0.0999339056945707,0.0588428278200964,0,0.129784293109832,0.0764192569092161,0
0.78,1.08667793316061,-2.07114836444141,-1,0.101231748625669,0.0596070203891886,0,0.129784293109832,0.0764192569092161,0
0.79,1.08769673986152,-2.07054847327467,-1,0.102529591556767,0.0603712129582807,0,0.129784293109832,0.0764192569092161,0
0.8,1.08872852499174,-2.06994094018225,-1,0.103827434487866,0.0611354055273729,0,0.129784293109832,0.0764192569092161,0
0.81,1.08977328855128,-2.06932576516413,-1,0.105125277418964,0.0618995980964651,0,0.129784293109832,0.0764192569092161,0
0.82,1.09083103054012,-2.06870294822032,-1,0.106423120350062,0.0626637906655572,0,0.129784293109832,0.0764192569092161,0
0.83,1.09190175095828,-2.06807248935082,-1,0.107720963281161,0.0634279832346494,0,0.129784293109832,0.0764192569092161,0
0.84,1.09298544980575,-2.06743438855562,-1,0.109018806212259,0.0641921758037415,0,0.129784293109832,0.0764192569092161,0
0.85,1.09408212708252,-2.06678864583474,-1,0.110316649143357,0.0649563683728337,0,0.129784293109832,0.0764192569092161,0
0.86,1.09519178278861,-2.06613526118817,-1,0.111614492074456,0.0657205609419259,0,0.129784293109832,0.0764192569092161,0
0.87,1.09631441692401,-2.0654742346159,-1,0.112912335005554,0.066484753511018,0,0.129784293109832,0.0764192569092161,0
0.88,1.09745002948872,-2.06480556611795,-1,0.114210177936652,0.0672489460801102,0,0.129784293109832,0.0764192569092161,0
0.89,1.09859862048275,-2.0641292556943,-1,0.115508020867751,0.0680131386492023,0,0.129784293109832,0.0764192569092161,0
0.9,1.09976018990608,-2.06344530334496,-1,0.116805863798849,0.0687773312182945,0,0.129784293109832,0.0764192569092161,0
0.91,1.10093473775872,-2.06275370906993,-1,0.118103706729947,0.0695415237873867,0,0.129784293109832,0.0764192569092161,0
0.92,1.10212226404068,-2.06205447286922,-1,0.119401549661045,0.0703057163564788,0,0.129784293109832,0.0764192569092161,0
0.93,1.10332276875194,-2.06134759474281,-1,0.120699392592144,0.071069908925571,0,0.129784293109832,0.0764192569092161,0
0.94,1.10453625189252,-2.0606330746907,-1,0.121997235523242,0.0718341014946631,0,0.129784293109832,0.0764192569092161,0
0.95,1.10576271346241,-2.05991091271291,-1,0.12329507845434,0.0725982940637553,0,0.129784293109832,0.0764192569092161,0
0.96,1.10700215346161,-2.05918110880943,-1,0.124592921385439,0.0733624866328475,0,0.129784293109832,0.0764192569092161,0
0.97,1.10825457189012,-2.05844366298026,-1,0.125890764316537,0.0741266792019396,0,0.129784293109832,0.0764192569092161,0
0.98,1.10951996874794,-2.05769857522539,-1,0.127188607247635,0.0748908717710318,0,0.129784293109832,0.0764192569092161,0
0.99,1.11079834403507,-2.05694584554483,-1,0.128486450178734,0.075655064340124,0,0.129784293109832,0.0764192569092161,0
1,1.11208969775151,-2.05618547393859,-1,0.129784293109832,0.0764192569092161,0,0.129784293109832,0.0764192569092161,0
1.01,1.11339402989727,-2.05541746040665,-1,0.13108213604093,0.0771834494783083,0,0.129784293109832,0.0764192569092161,0
1.02,1.11471134047233,-2.05464180494902,-1,0.132379978972029,0.0779476420474004,0,0.129784293109832,0.0764192569092161,0
1.03,1.11604162947671,-2.0538585075657,-1,0.133677821903127,0.0787118346164926,0,0.129784293109832,0.0764192569092161,0
1.04,1.11738489691039,-2.05306756825669,-1,0.134975664834225,0.0794760271855848,0,0.129784293109832,0.0764192569092161,0
1.05,1.11874114277339,-2.05226898702199,-1,0.136273507765324,0.0802402197546769,0,0.129784293109832,0.0764192569092161,0
1.06,1.1201103670657,-2.0514627638616,-1,0.137571350696422,0.0810044123237691,0,0.129784293109832,0.0764192569092161,0
1.07,1.12149256978732,-2.05064889877552,-1,0.13886919362752,0.0817686048928612,0,0.129784293109832,0.0764192569092161,0
1.08,1.12288775093825,-2.04982739176374,-1,0.140167036558619,0.0825327974619534,0,0.129784293109832,0.0764192569092161,0
1.09,1.12429591051849,-2.04899824282628,-1,0.141464879489717,0.0832969900310456,0,0.129784293109832,0.0764192569092161,0
1.1,1.12571704852805,-2.04816145196312,-1,0.142762722420815,0.0840611826001377,0,0.129784293109832,0.0764192569092161,0
1.11,1.12715116496691,-2.04731701917427,-1,0.144060565351914,0.0848253751692299,0,0.129784293109832,0.0764192569092161,0
1.12,1.12859825983508,-2.04646494445974,-1,0.145358408283012,0.085589567738322,0,0.129784293109832,0.0764192569092161,0
1.13,1.13005833313257,-2.04560522781951,-1,0.14665625121411,0.0863537603074142,0,0.129784293109832,0.0764192569092161,0
1.14,1.13153138485937,-2.04473786925359,-1,0.147954094145209,0.0871179528765064,0,0.129784293109832,0.0764192569092161,0
1.15,1.13301741501547,-2.04386286876198,-1,0.149251937076307,0.0878821454455985,0,0.129784293109832,0.0764192569092161,0
1.16,1.13451642360089,-2.04298022634468,-1,0.150549780007405,0.0886463380146907,0,0.129784293109832,0.0764192569092161,0
1.17,1.13602841061562,-2.04208994200168,-1,0.151847622938503,0.0894105305837828,0,0.129784293109832,0.0764192569092161,0
1.18,1.13755337605966,-2.041192015733,-1,0.153145465869602,0.090174723152875,0,0.129784293109832,0.0764192569092161,0
1.19,1.13909131993301,-2.04028644753863,-1,0.1544433088007,0.0909389157219672,0,0.129784293109832,0.0764192569092161,0
1.2,1.14064224223568,-2.03937323741856,-1,0.155741151731798,0.0917031082910593,0,0.129784293109832,0.0764192569092161,0
1.21,1.14220614296765,-2.0384523853728,-1,0.157038994662897,0.0924673008601515,0,0.129784293109832,0.0764192569092161,0
1.22,1.14378302212893,-2.03752389140136,-1,0.158336837593995,0.0932314934292437,0,0.129784293109832,0.0764192569092161,0
1.23,1.14537287971953,-2.03658775550422,-1,0.159634680525093,0.0939956859983358,0,0.129784293109832,0.0764192569092161,0
1.24,1.14697571573944,-2.03564397768139,-1,0.160932523456192,0.094759878567428,0,0.129784293109832,0.0764192569092161,0
1.25,1.14859153018865,-2.03469255793287,-1,0.16223036638729,0.0955240711365201,0,0.129784293109832,0.0764192569092161,0
1.26,1.15022032306718,-2.03373349625866,-1,0.163528209318388,0.0962882637056123,0,0.129784293109832,0.0764192569092161,0
1.27,1.15186209437502,-2.03276679265876,-1,0.164826052249487,0.0970524562747045,0,0.129784293109832,0.0764192569092161,0
1.28,1.15351684411217,-2.03179244713317,-1,0.166123895180585,0.0978166488437966,0,0.129784293109832,0.0764192569092161,0
1.29,1.15518457227863,-2.03081045968188,-1,0.167421738111683,0.0985808414128888,0,0.129784293109832,0.0764192569092161,0
1.3,1.15686527887441,-2.02982083030491,-1,0.168719581042782,0.0993450339819809,0,0.129784293109832,0.0764192569092161,0
1.31,1.15855896389949,-2.02882355900224,-1,0.17001742397388,0.100109226551073,0,0.129784293109832,0.0764192569092161,0
1.32,1.16026562735388,-2.02781864577389,-1,0.171315266904978,0.100873419120165,0,0.129784293109832,0.0764192569092161,0
1.33,1.16198526923759,-2.02680609061984,-1,0.172613109836077,0.101637611689257,0,0.129784293109832,0.0764192569092161,0
1.34,1.16371788955061,-2.0257858935401,-1,0.173910952767175,0.10240180425835,0,0.129784293109832,0.0764192569092161,0
1.35,1.16546348829293,-2.02475805453467,-1,0.175208795698273,0.103165996827442,0,0.129784293109832,0.0764192569092161,0
1.36,1.16722206546457,-2.02372257360355,-1,0.176506638629372,0.103930189396534,0,0.129784293109832,0.0764192569092161,0
1.37,1.16899362106552,-2.02267945074674,-1,0.17780448156047,0.104694381965626,0,0.129784293109832,0.0764192569092161,0
1.38,1.17077815509578,-2.02162868596424,-1,0.179102324491568,0.105458574534718,0,0.129784293109832,0.0764192569092161,0
1.39,1.17257566755535,-2.02057027925605,-1,0.180400167422667,0.10622276710381,0,0.129784293109832,0.0764192569092161,0
1.4,1.17438615844423,-2.01950423062216,-1,0.181698010353765,0.106986959672903,0,0.129784293109832,0.0764192569092161,0
1.41,1.17620962776243,-2.01843054006259,-1,0.182995853284863,0.107751152241995,0,0.129784293109832,0.0764192569092161,0
1.42,1.17804607550993,-2.01734920757732,-1,0.184293696215962,0.108515344811087,0,0.129784293109832,0.0764192569092161,0
1.43,1.17989550168675,-2.01626023316637,-1,0.18559153914706,0.109279537380179,0,0.129784293109832,0.0764192569092161,0
1.44,1.18175790629287,-2.01516361682972,-1,0.186889382078158,0.110043729949271,0,0.129784293109832,0.0764192569092161,0
1.45,1.18363328932831,-2.01405935856738,-1,0.188187225009256,0.110807922518363,0,0.129784293109832,0.0764192569092161,0
1.46,1.18552165079306,-2.01294745837935,-1,0.189485067940355,0.111572115087456,0,0.129784293109832,0.0764192569092161,0
1.47,1.18742299068712,-2.01182791626563,-1,0.190782910871453,0.112336307656548,0,0.129784293109832,0.0764192569092161,0
1.48,1.18933730901049,-2.01070073222622,-1,0.192080753802551,0.11310050022564,0,0.129784293109832,0.0764192569092161,0
1.49,1.19126460576317,-2.00956590626112,-1,0.19337859673365,0.113864692794732,0,0.129784293109832,0.0764192569092161,0
1.5,1.19320488094516,-2.00842343837033,-1,0.194676439664748,0.114628885363824,0,0.129784293109832,0.0764192569092161,0
1.51,1.19515813455646,-2.00727332855384,-1,0.195974282595846,0.115393077932916,0,0.129784293109832,0.0764192569092161,0
1.52,1.19712436659708,-2.00611557681167,-1,0.197272125526945,0.116157270502008,0,0.129784293109832,0.0764192569092161,0
1.53,1.199103577067,-2.0049501831438,-1,0.198569968458043,0.116921463071101,0,0.129784293109832,0.0764192569092161,0
1.54,1.20109576596624,-2.00377714755025,-1,0.199867811389141,0.117685655640193,0,0.129784293109832,0.0764192569092161,0
1.55,1.20310093329478,-2.002596470031,-1,0.20116565432024,0.118449848209285,0,0.129784293109832,0.0764192569092161,0
1.56,1.20511907905264,-2.00140815058606,-1,0.202463497251338,0.119214040778377,0,0.129784293109832,0.0764192569092161,0
1.57,1.20715020323981,-2.00021218921543,-1,0.203761340182436,0.119978233347469,0,0.129784293109832,0.0764192569092161,0
1.58,1.20919430585629,-1.99900858591911,-1,0.205059183113535,0.120742425916561,0,0.129784293109832,0.0764192569092161,0
1.59,1.21125138690208,-1.9977973406971,-1,0.206357026044633,0.121506618485654,0,0.129784293109832,0.0764192569092161,0
1.6,1.21332144637718,-1.9965784535494,-1,0.207654868975731,0.122270811054746,0,0.129784293109832,0.0764192569092161,0
1.61,1.2154044842816,-1.99535192447601,-1,0.20895271190683,0.123035003623838,0,0.129784293109832,0.0764192569092161,0
1.62,1.21750050061532,-1.99411775347692,-1,0.210250554837928,0.12379919619293,0,0.129784293109832,0.0764192569092161,0
1.63,1.21960949537835,-1.99287594055215,-1,0.211548397769026,0.124563388762022,0,0.129784293109832,0.0764192569092161,0
1.64,1.2217314685707,-1.99162648570168,-1,0.212846240700125,0.125327581331114,0,0.129784293109832,0.0764192569092161,0
1.65,1.22386642019236,-1.99036938892553,-1,0.214144083631223,0.126091773900207,0,0.129784293109832,0.0764192569092161,0
1.66,1.22601435024332,-1.98910465022368,-1,0.215441926562321,0.126855966469299,0,0.129784293109832,0.0764192569092161,0
1.67,1.2281752587236,-1.98783226959614,-1,0.21673976949342,0.127620159038391,0,0.129784293109832,0.0764192569092161,0
1.68,1.23034914563319,-1.98655224704291,-1,0.218037612424518,0.128384351607483,0,0.129784293109832,0.0764192569092161,0
1.69,1.23253601097209,-1.98526458256399,-1,0.219335455355616,0.129148544176575,0,0.129784293109832,0.0764192569092161,0
1.7,1.23473585474031,-1.98396927615938,-1,0.220633298286714,0.129912736745667,0,0.129784293109832,0.0764192569092161,0
1.71,1.23694867693783,-1.98266632782908,-1,0.221931141217813,0.13067692931476,0,0.129784293109832,0.0764192569092161,0
1.72,1.23917447756466,-1.98135573757308,-1,0.223228984148911,0.131441121883852,0,0.129784293109832,0.0764192569092161,0
1.73,1.24141325662081,-1.9800375053914,-1,0.224526827080009,0.132205314452944,0,0.129784293109832,0.0764192569092161,0
1.74,1.24366501410626,-1.97871163128402,-1,0.225824670011108,0.132969507022036,0,0.129784293109832,0.0764192569092161,0
1.75,1.24592975002103,-1.97737811525096,-1,0.227122512942206,0.133733699591128,0,0.129784293109832,0.0764192569092161,0
1.76,1.24820746436511,-1.9760369572922,-1,0.228420355873304,0.13449789216022,0,0.129784293109832,0.0764192569092161,0
1.77,1.25049815713849,-1.97468815740775,-1,0.229718198804403,0.135262084729313,0,0.129784293109832,0.0764192569092161,0
1.78,1.25280182834119,-1.97333171559762,-1,0.231016041735501,0.136026277298405,0,0.129784293109832,0.0764192569092161,0
1.79,1.2551184779732,-1.97196763186179,-1,0.232313884666599,0.136790469867497,0,0.129784293109832,0.0764192569092161,0
1.8,1.25744810603453,-1.97059590620027,-1,0.233611727597698,0.137554662436589,0,0.129784293109832,0.0764192569092161,0
1.81,1.25979071252516,-1.96921653861305,-1,0.234909570528796,0.138318855005681,0,0.129784293109832,0.0764192569092161,0
1.82,1.2621462974451,-1.96782952910015,-1,0.236207413459894,0.139083047574773,0,0.129784293109832,0.0764192569092161,0
1.83,1.26451486079436,-1.96643487766156,-1,0.237505256390993,0.139847240143865,0,0.129784293109832,0.0764192569092161,0
1.84,1.26689640257292,-1.96503258429727,-1,0.238803099322091,0.140611432712958,0,0.129784293109832,0.0764192569092161,0
1.85,1.2692909227808,-1.9636226490073,-1,0.240100942253189,0.14137562528205,0,0.129784293109832,0.0764192569092161,0
1.86,1.27169842141799,-1.96220507179163,-1,0.241398785184288,0.142139817851142,0,0.129784293109832,0.0764192569092161,0
1.87,1.27411889848448,-1.96077985265028,-1,0.242696628115386,0.142904010420234,0,0.129784293109832,0.0764192569092161,0
1.88,1.27655235398029,-1.95934699158323,-1,0.243994471046484,0.143668202989326,0,0.129784293109832,0.0764192569092161,0
1.89,1.27899878790541,-1.95790648859049,-1,0.245292313977583,0.144432395558418,0,0.129784293109832,0.0764192569092161,0
1.9,1.28145820025984,-1.95645834367206,-1,0.246590156908681,0.145196588127511,0,0.129784293109832,0.0764192569092161,0
1.91,1.28393059104359,-1.95500255682794,-1,0.247887999839779,0.145960780696603,0,0.129784293109832,0.0764192569092161,0
1.92,1.28641596025664,-1.95353912805813,-1,0.249185842770878,0.146724973265695,0,0.129784293109832,0.0764192569092161,0
1.93,1.288914307899,-1.95206805736263,-1,0.250483685701976,0.147489165834787,0,0.129784293109832,0.0764192569092161,0
1.94,1.29142563397068,-1.95058934474143,-1,0.251781528633074,0.148253358403879,0,0.129784293109832,0.0764192569092161,0
1.95,1.29394993847167,-1.94910299019455,-1,0.253079371564172,0.149017550972971,0,0.129784293109832,0.0764192569092161,0
1.96,1.29648722140196,-1.94760899372197,-1,0.254377214495271,0.149781743542064,0,0.129784293109832,0.0764192569092161,0
1.97,1.29903748276157,-1.94610735532371,-1,0.255675057426369,0.150545936111156,0,0.129784293109832,0.0764192569092161,0
1.98,1.30160072255049,-1.94459807499975,-1,0.256972900357467,0.151310128680248,0,0.129784293109832,0.0764192569092161,0
1.99,1.30417694076872,-1.9430811527501,-1,0.258270743288566,0.15207432124934,0,0.129784293109832,0.0764192569092161,0
2,1.30676613741626,-1.94155658857476,-1,0.259568586219664,0.152838513818432,0,0.129784293109832,0.0764192569092161,0
2.01,1.30936831249311,-1.94002438247373,-1,0.260866429150762,0.153602706387524,0,0.129784293109832,0.0764192569092161,0
2.02,1.31198346599928,-1.93848453444701,-1,0.262164272081861,0.154366898956617,0,0.129784293109832,0.0764192569092161,0
2.03,1.31461159793475,-1.9369370444946,-1,0.263462115012959,0.155131091525709,0,0.129784293109832,0.0764192569092161,0
2.04,1.31725270829954,-1.9353819126165,-1,0.264759957944057,0.155895284094801,0,0.129784293109832,0.0764192569092161,0
2.05,1.31990679709363,-1.93381913881271,-1,0.266057800875156,0.156659476663893,0,0.129784293109832,0.0764192569092161,0
2.06,1.32257386431704,-1.93224872308322,-1,0.267355643806254,0.157423669232985,0,0.129784293109832,0.0764192569092161,0
2.07,1.32525390996976,-1.93067066542805,-1,0.268653486737352,0.158187861802077,0,0.129784293109832,0.0764192569092161,0
2.08,1.32794693405179,-1.92908496584718,-1,0.269951329668451,0.15895205437117,0,0.129784293109832,0.0764192569092161,0
2.09,1.33065293656313,-1.92749162434062,-1,0.271249172599549,0.159716246940262,0,0.129784293109832,0.0764192569092161,0
2.1,1.33337191750378,-1.92589064090837,-1,0.272547015530647,0.160480439509354,0,0.129784293109832,0.0764192569092161,0
2.11,1.33610387687374,-1.92428201555044,-1,0.273844858461746,0.161244632078446,0,0.129784293109832,0.0764192569092161,0
2.12,1.33884881467301,-1.92266574826681,-1,0.275142701392844,0.162008824647538,0,0.129784293109832,0.0764192569092161,0
2.13,1.3416067309016,-1.92104183905748,-1,0.276440544323942,0.16277301721663,0,0.129784293109832,0.0764192569092161,0
2.14,1.34437762555949,-1.91941028792247,-1,0.277738387255041,0.163537209785722,0,0.129784293109832,0.0764192569092161,0
2.15,1.3471614986467,-1.91777109486177,-1,0.279036230186139,0.164301402354815,0,0.129784293109832,0.0764192569092161,0
2.16,1.34995835016321,-1.91612425987538,-1,0.280334073117237,0.165065594923907,0,0.129784293109832,0.0764192569092161,0
2.17,1.35276818010904,-1.91446978296329,-1,0.281631916048336,0.165829787492999,0,0.129784293109832,0.0764192569092161,0
2.18,1.35559098848418,-1.91280766412552,-1,0.282929758979434,0.166593980062091,0,0.129784293109832,0.0764192569092161,0
2.19,1.35842677528863,-1.91113790336205,-1,0.284227601910532,0.167358172631183,0,0.129784293109832,0.0764192569092161,0
2.2,1.36127554052239,-1.90946050067289,-1,0.285525444841631,0.168122365200275,0,0.129784293109832,0.0764192569092161,0
2.21,1.36413728418546,-1.90777545605804,-1,0.286823287772729,0.168886557769368,0,0.129784293109832,0.0764192569092161,0
2.22,1.36701200627785,-1.90608276951751,-1,0.288121130703827,0.16965075033846,0,0.129784293109832,0.0764192569092161,0
2.23,1.36989970679954,-1.90438244105128,-1,0.289418973634925,0.170414942907552,0,0.129784293109832,0.0764192569092161,0
2.24,1.37280038575054,-1.90267447065935,-1,0.290716816566024,0.171179135476644,0,0.129784293109832,0.0764192569092161,0
2.25,1.37571404313086,-1.90095885834174,-1,0.292014659497122,0.171943328045736,0,0.129784293109832,0.0764192569092161,0
2.26,1.37864067894049,-1.89923560409844,-1,0.29331250242822,0.172707520614828,0,0.129784293109832,0.0764192569092161,0
2.27,1.38158029317942,-1.89750470792945,-1,0.294610345359319,0.173471713183921,0,0.129784293109832,0.0764192569092161,0
2.28,1.38453288584767,-1.89576616983476,-1,0.295908188290417,0.174235905753013,0,0.129784293109832,0.0764192569092161,0
2.29,1.38749845694523,-1.89401998981439,-1,0.297206031221515,0.175000098322105,0,0.129784293109832,0.0764192569092161,0
2.3,1.3904770064721,-1.89226616786832,-1,0.298503874152614,0.175764290891197,0,0.129784293109832,0.0764192569092161,0
2.31,1.39346853442829,-1.89050470399656,-1,0.299801717083712,0.176528483460289,0,0.129784293109832,0.0764192569092161,0
2.32,1.39647304081378,-1.88873559819911,-1,0.30109956001481,0.177292676029381,0,0.129784293109832,0.0764192569092161,0
2.33,1.39949052562858,-1.88695885047597,-1,0.302397402945909,0.178056868598474,0,0.129784293109832,0.0764192569092161,0
2.34,1.4025209888727,-1.88517446082714,-1,0.303695245877007,0.178821061167566,0,0.129784293109832,0.0764192569092161,0
2.35,1.40556443054612,-1.88338242925262,-1,0.304993088808105,0.179585253736658,0,0.129784293109832,0.0764192569092161,0
2.36,1.40862085064886,-1.88158275575241,-1,0.306290931739204,0.18034944630575,0,0.129784293109832,0.0764192569092161,0
2.37,1.41169024918091,-1.87977544032651,-1,0.307588774670302,0.181113638874842,0,0.129784293109832,0.0764192569092161,0
2.38,1.41477262614226,-1.87796048297491,-1,0.3088866176014,0.181877831443934,0,0.129784293109832,0.0764192569092161,0
2.39,1.41786798153293,-1.87613788369763,-1,0.310184460532499,0.182642024013027,0,0.129784293109832,0.0764192569092161,0
2.4,1.42097631535291,-1.87430764249465,-1,0.311482303463597,0.183406216582119,0,0.129784293109832,0.0764192569092161,0
2.41,1.42409762760221,-1.87246975936599,-1,0.312780146394695,0.184170409151211,0,0.129784293109832,0.0764192569092161,0
2.42,1.42723191828081,-1.87062423431163,-1,0.314077989325794,0.184934601720303,0,0.129784293109832,0.0764192569092161,0
2.43,1.43037918738872,-1.86877106733158,-1,0.315375832256892,0.185698794289395,0,0.129784293109832,0.0764192569092161,0
2.44,1.43353943492595,-1.86691025842584,-1,0.31667367518799,0.186462986858487,0,0.129784293109832,0.0764192569092161,0
2.45,1.43671266089248,-1.86504180759441,-1,0.317971518119089,0.187227179427579,0,0.129784293109832,0.0764192569092161,0
2.46,1.43989886528833,-1.86316571483729,-1,0.319269361050187,0.187991371996672,0,0.129784293109832,0.0764192569092161,0
2.47,1.44309804811349,-1.86128198015448,-1,0.320567203981285,0.188755564565764,0,0.129784293109832,0.0764192569092161,0
2.48,1.44631020936795,-1.85939060354597,-1,0.321865046912383,0.189519757134856,0,0.129784293109832,0.0764192569092161,0
2.49,1.44953534905173,-1.85749158501178,-1,0.323162889843482,0.190283949703948,0,0.129784293109832,0.0764192569092161,0
2.5,1.45277346716482,-1.8555849245519,-1,0.32446073277458,0.19104814227304,0,0.129784293109832,0.0764192569092161,0
2.51,1.45602456370722,-1.85367062216632,-1,0.325758575705679,0.191812334842132,0,0.129784293109832,0.0764192569092161,0
2.52,1.45928863867894,-1.85174867785505,-1,0.327056418636777,0.192576527411225,0,0.129784293109832,0.0764192569092161,0
2.53,1.46256569207996,-1.84981909161809,-1,0.328354261567875,0.193340719980317,0,0.129784293109832,0.0764192569092161,0
2.54,1.46585572391029,-1.84788186345545,-1,0.329652104498973,0.194104912549409,0,0.129784293109832,0.0764192569092161,0
2.55,1.46915873416994,-1.84593699336711,-1,0.330949947430072,0.194869105118501,0,0.129784293109832,0.0764192569092161,0
2.56,1.4724747228589,-1.84398448135308,-1,0.33224779036117,0.195633297687593,0,0.129784293109832,0.0764192569092161,0
2.57,1.47580368997716,-1.84202432741335,-1,0.333545633292268,0.196397490256685,0,0.129784293109832,0.0764192569092161,0
2.58,1.47914563552474,-1.84005653154794,-1,0.334843476223367,0.197161682825778,0,0.129784293109832,0.0764192569092161,0
2.59,1.48250055950163,-1.83808109375684,-1,0.336141319154465,0.19792587539487,0,0.129784293109832,0.0764192569092161,0
2.6,1.48586846190783,-1.83609801404005,-1,0.337439162085563,0.198690067963962,0,0.129784293109832,0.0764192569092161,0
2.61,1.48924934274334,-1.83410729239756,-1,0.338737005016662,0.199454260533054,0,0.129784293109832,0.0764192569092161,0
2.62,1.49264320200816,-1.83210892882938,-1,0.34003484794776,0.200218453102146,0,0.129784293109832,0.0764192569092161,0
2.63,1.4960500397023,-1.83010292333552,-1,0.341332690878858,0.200982645671238,0,0.129784293109832,0.0764192569092161,0
2.64,1.49946985582574,-1.82808927591596,-1,0.342630533809957,0.201746838240331,0,0.129784293109832,0.0764192569092161,0
2.65,1.5029026503785,-1.82606798657071,-1,0.343928376741055,0.202511030809423,0,0.129784293109832,0.0764192569092161,0
2.66,1.50634842336056,-1.82403905529977,-1,0.345226219672153,0.203275223378515,0,0.129784293109832,0.0764192569092161,0
2.67,1.50980717477194,-1.82200248210314,-1,0.346524062603252,0.204039415947607,0,0.129784293109832,0.0764192569092161,0
2.68,1.51327890461263,-1.81995826698082,-1,0.34782190553435,0.204803608516699,0,0.129784293109832,0.0764192569092161,0
2.69,1.51676350239395,-1.81790647499047,-1,0.348880251534552,0.205426781112938,0,-0.129784293109832,-0.0764192569092161,-0
2.7,1.52024581569464,-1.81585602814218,-1,0.347582408603453,0.204662588543846,0,-0.129784293109832,-0.0764192569092161,-0
2.71,1.52371515056602,-1.81381322321959,-1,0.346284565672355,0.203898395974754,0,-0.129784293109832,-0.0764192569092161,-0
2.72,1.52717150700808,-1.81177806022269,-1,0.344986722741257,0.203134203405661,0,-0.129784293109832,-0.0764192569092161,-0
2.73,1.53061488502084,-1.80975053915148,-1,0.343688879810158,0.202370010836569,0,-0.129784293109832,-0.0764192569092161,-0
2.74,1.53404528460429,-1.80773066000596,-1,0.34239103687906,0.201605818267477,0,-0.129784293109832,-0.0764192569092161,-0
2.75,1.53746270575842,-1.80571842278613,-1,0.341093193947962,0.200841625698385,0,-0.129784293109832,-0.0764192569092161,-0
2.76,1.54086714848325,-1.80371382749199,-1,0.339795351016863,0.200077433129293,0,-0.129784293109832,-0.0764192569092161,-0
2.77,1.54425861277876,-1.80171687412354,-1,0.338497508085765,0.199313240560201,0,-0.129784293109832,-0.0764192569092161,-0
2.78,1.54763709864496,-1.79972756268079,-1,0.337199665154667,0.198549047991108,0,-0.129784293109832,-0.0764192569092161,-0
2.79,1.55100260608185,-1.79774589316372,-1,0.335901822223568,0.197784855422016,0,-0.129784293109832,-0.0764192569092161,-0
2.8,1.55435513508943,-1.79577186557235,-1,0.33460397929247,0.197020662852924,0,-0.129784293109832,-0.0764192569092161,-0
2.81,1.5576946856677,-1.79380547990666,-1,0.333306136361372,0.196256470283832,0,-0.129784293109832,-0.0764192569092161,-0
2.82,1.56102125781666,-1.79184673616667,-1,0.332008293430273,0.19549227771474,0,-0.129784293109832,-0.0764192569092161,-0
2.83,1.56433485153631,-1.78989563435237,-1,0.330710450499175,0.194728085145648,0,-0.129784293109832,-0.0764192569092161,-0
2.84,1.56763546682664,-1.78795217446376,-1,0.329412607568077,0.193963892576555,0,-0.129784293109832,-0.0764192569092161,-0
2.85,1.57092310368767,-1.78601635650084,-1,0.328114764636979,0.193199700007463,0,-0.129784293109832,-0.0764192569092161,-0
2.86,1.57419776211938,-1.78408818046361,-1,0.32681692170588,0.192435507438371,0,-0.129784293109832,-0.0764192569092161,-0
2.87,1.57745944212179,-1.78216764635207,-1,0.325519078774782,0.191671314869279,0,-0.129784293109832,-0.0764192569092161,-0
2.88,1.58070814369488,-1.78025475416622,-1,0.324221235843684,0.190907122300187,0,-0.129784293109832,-0.0764192569092161,-0
2.89,1.58394386683866,-1.77834950390607,-1,0.322923392912585,0.190142929731095,0,-0.129784293109832,-0.0764192569092161,-0
2.9,1.58716661155313,-1.7764518955716,-1,0.321625549981487,0.189378737162003,0,-0.129784293109832,-0.0764192569092161,-0
2.91,1.59037637783829,-1.77456192916282,-1,0.320327707050389,0.18861454459291,0,-0.129784293109832,-0.0764192569092161,-0
2.92,1.59357316569414,-1.77267960467974,-1,0.31902986411929,0.187850352023818,0,-0.129784293109832,-0.0764192569092161,-0
2.93,1.59675697512068,-1.77080492212235,-1,0.317732021188192,0.187086159454726,0,-0.129784293109832,-0.0764192569092161,-0
2.94,1.5999278061179,-1.76893788149065,-1,0.316434178257094,0.186321966885634,0,-0.129784293109832,-0.0764192569092161,-0
2.95,1.60308565868582,-1.76707848278464,-1,0.315136335325995,0.185557774316542,0,-0.129784293109832,-0.0764192569092161,-0
2.96,1.60623053282442,-1.76522672600432,-1,0.313838492394897,0.18479358174745,0,-0.129784293109832,-0.0764192569092161,-0
2.97,1.60936242853372,-1.76338261114969,-1,0.312540649463799,0.184029389178357,0,-0.129784293109832,-0.0764192569092161,-0
2.98,1.6124813458137,-1.76154613822075,-1,0.3112428065327,0.183265196609265,0,-0.129784293109832,-0.0764192569092161,-0
2.99,1.61558728466437,-1.7597173072175,-1,0.309944963601602,0.182501004040173,0,-0.129784293109832,-0.0764192569092161,-0
3,1.61868024508573,-1.75789611813995,-1,0.308647120670504,0.181736811471081,0,-0.129784293109832,-0.0764192569092161,-0
3.01,1.62176022707778,-1.75608257098808,-1,0.307349277739405,0.180972618901989,0,-0.129784293109832,-0.0764192569092161,-0
3.02,1.62482723064052,-1.75427666576191,-1,0.306051434808307,0.180208426332897,0,-0.129784293109832,-0.0764192569092161,-0
3.03,1.62788125577395,-1.75247840246142,-1,0.304753591877209,0.179444233763804,0,-0.129784293109832,-0.0764192569092161,-0
3.04,1.63092230247806,-1.75068778108663,-1,0.30345574894611,0.178680041194712,0,-0.129784293109832,-0.0764192569092161,-0
3.05,1.63395037075287,-1.74890480163753,-1,0.302157906015012,0.17791584862562,0,-0.129784293109832,-0.0764192569092161,-0
3.06,1.63696546059836,-1.74712946411412,-1,0.300860063083914,0.177151656056528,0,-0.129784293109832,-0.0764192569092161,-0
3.07,1.63996757201455,-1.7453617685164,-1,0.299562220152816,0.176387463487436,0,-0.129784293109832,-0.0764192569092161,-0
3.08,1.64295670500142,-1.74360171484437,-1,0.298264377221717,0.175623270918344,0,-0.129784293109832,-0.0764192569092161,-0
3.09,1.64593285955898,-1.74184930309803,-1,0.296966534290619,0.174859078349251,0,-0.129784293109832,-0.0764192569092161,-0
3.1,1.64889603568723,-1.74010453327738,-1,0.295668691359521,0.174094885780159,0,-0.129784293109832,-0.0764192569092161,-0
3.11,1.65184623338617,-1.73836740538243,-1,0.294370848428422,0.173330693211067,0,-0.129784293109832,-0.0764192569092161,-0
3.12,1.6547834526558,-1.73663791941316,-1,0.293073005497324,0.172566500641975,0,-0.129784293109832,-0.0764192569092161,-0
3.13,1.65770769349612,-1.73491607536959,-1,0.291775162566226,0.171802308072883,0,-0.129784293109832,-0.0764192569092161,-0
3.14,1.66061895590713,-1.7332018732517,-1,0.290477319635127,0.171038115503791,0,-0.129784293109832,-0.0764192569092161,-0
3.15,1.66351723988882,-1.73149531305951,-1,0.289179476704029,0.170273922934698,0,-0.129784293109832,-0.0764192569092161,-0
3.16,1.66640254544121,-1.72979639479301,-1,0.287881633772931,0.169509730365606,0,-0.129784293109832,-0.0764192569092161,-0
3.17,1.66927487256428,-1.7281051184522,-1,0.286583790841832,0.168745537796514,0,-0.129784293109832,-0.0764192569092161,-0
3.18,1.67213422125804,-1.72642148403708,-1,0.285285947910734,0.167981345227422,0,-0.129784293109832,-0.0764192569092161,-0
3.19,1.67498059152249,-1.72474549154765,-1,0.283988104979636,0.16721715265833,0,-0.129784293109832,-0.0764192569092161,-0
3.2,1.67781398335764,-1.72307714098391,-1,0.282690262048537,0.166452960089238,0,-0.129784293109832,-0.0764192569092161,-0
3.21,1.68063439676347,-1.72141643234587,-1,0.281392419117439,0.165688767520145,0,-0.129784293109832,-0.0764192569092161,-0
3.22,1.68344183173998,-1.71976336563351,-1,0.280094576186341,0.164924574951053,0,-0.129784293109832,-0.0764192569092161,-0
3.23,1.68623628828719,-1.71811794084685,-1,0.278796733255242,0.164160382381961,0,-0.129784293109832,-0.0764192569092161,-0
3.24,1.68901776640509,-1.71648015798587,-1,0.277498890324144,0.163396189812869,0,-0.129784293109832,-0.0764192569092161,-0
3.25,1.69178626609367,-1.71485001705059,-1,0.276201047393046,0.162631997243777,0,-0.129784293109832,-0.0764192569092161,-0
3.26,1.69454178735295,-1.713227518041,-1,0.274903204461947,0.161867804674685,0,-0.129784293109832,-0.0764192569092161,-0
3.27,1.69728433018291,-1.71161266095709,-1,0.273605361530849,0.161103612105593,0,-0.129784293109832,-0.0764192569092161,-0
3.28,1.70001389458357,-1.71000544579888,-1,0.272307518599751,0.1603394195365,0,-0.129784293109832,-0.0764192569092161,-0
3.29,1.70273048055491,-1.70840587256636,-1,0.271009675668652,0.159575226967408,0,-0.129784293109832,-0.0764192569092161,-0
3.3,1.70543408809694,-1.70681394125954,-1,0.269711832737554,0.158811034398316,0,-0.129784293109832,-0.0764192569092161,-0
3.31,1.70812471720966,-1.7052296518784,-1,0.268413989806456,0.158046841829224,0,-0.129784293109832,-0.0764192569092161,-0
3.32,1.71080236789307,-1.70365300442295,-1,0.267116146875357,0.157282649260132,0,-0.129784293109832,-0.0764192569092161,-0
3.33,1.71346704014717,-1.7020839988932,-1,0.265818303944259,0.15651845669104,0,-0.129784293109832,-0.0764192569092161,-0
3.34,1.71611873397195,-1.70052263528913,-1,0.264520461013161,0.155754264121947,0,-0.129784293109832,-0.0764192569092161,-0
3.35,1.71875744936743,-1.69896891361076,-1,0.263222618082062,0.154990071552855,0,-0.129784293109832,-0.0764192569092161,-0
3.36,1.7213831863336,-1.69742283385807,-1,0.261924775150964,0.154225878983763,0,-0.129784293109832,-0.0764192569092161,-0
3.37,1.72399594487045,-1.69588439603108,-1,0.260626932219866,0.153461686414671,0,-0.129784293109832,-0.0764192569092161,-0
3.38,1.72659572497799,-1.69435360012978,-1,0.259329089288768,0.152697493845579,0,-0.129784293109832,-0.0764192569092161,-0
3.39,1.72918252665623,-1.69283044615417,-1,0.258031246357669,0.151933301276487,0,-0.129784293109832,-0.0764192569092161,-0
3.4,1.73175634990515,-1.69131493410425,-1,0.256733403426571,0.151169108707394,0,-0.129784293109832,-0.0764192569092161,-0
3.41,1.73431719472476,-1.68980706398002,-1,0.255435560495473,0.150404916138302,0,-0.129784293109832,-0.0764192569092161,-0
3.42,1.73686506111506,-1.68830683578148,-1,0.254137717564374,0.14964072356921,0,-0.129784293109832,-0.0764192569092161,-0
3.43,1.73939994907604,-1.68681424950864,-1,0.252839874633276,0.148876531000118,0,-0.129784293109832,-0.0764192569092161,-0
3.44,1.74192185860772,-1.68532930516148,-1,0.251542031702178,0.148112338431026,0,-0.129784293109832,-0.0764192569092161,-0
3.45,1.74443078971009,-1.68385200274002,-1,0.250244188771079,0.147348145861934,0,-0.129784293109832,-0.0764192569092161,-0
3.46,1.74692674238314,-1.68238234224424,-1,0.248946345839981,0.146583953292841,0,-0.129784293109832,-0.0764192569092161,-0
3.47,1.74940971662689,-1.68092032367416,-1,0.247648502908883,0.145819760723749,0,-0.129784293109832,-0.0764192569092161,-0
3.48,1.75187971244132,-1.67946594702977,-1,0.246350659977784,0.145055568154657,0,-0.129784293109832,-0.0764192569092161,-0
3.49,1.75433672982644,-1.67801921231107,-1,0.245052817046686,0.144291375585565,0,-0.129784293109832,-0.0764192569092161,-0
3.5,1.75678076878225,-1.67658011951806,-1,0.243754974115588,0.143527183016473,0,-0.129784293109832,-0.0764192569092161,-0
3.51,1.75921182930875,-1.67514866865074,-1,0.242457131184489,0.142762990447381,0,-0.129784293109832,-0.0764192569092161,-0
3.52,1.76162991140594,-1.67372485970911,-1,0.241159288253391,0.141998797878289,0,-0.129784293109832,-0.0764192569092161,-0
3.53,1.76403501507382,-1.67230869269317,-1,0.239861445322293,0.141234605309196,0,-0.129784293109832,-0.0764192569092161,-0
3.54,1.76642714031239,-1.67090016760293,-1,0.238563602391194,0.140470412740104,0,-0.129784293109832,-0.0764192569092161,-0
3.55,1.76880628712165,-1.66949928443837,-1,0.237265759460096,0.139706220171012,0,-0.129784293109832,-0.0764192569092161,-0
3.56,1.77117245550159,-1.66810604319951,-1,0.235967916528998,0.13894202760192,0,-0.129784293109832,-0.0764192569092161,-0
3.57,1.77352564545223,-1.66672044388633,-1,0.234670073597899,0.138177835032828,0,-0.129784293109832,-0.0764192569092161,-0
3.58,1.77586585697355,-1.66534248649885,-1,0.233372230666801,0.137413642463736,0,-0.129784293109832,-0.0764192569092161,-0
3.59,1.77819309006556,-1.66397217103706,-1,0.232074387735703,0.136649449894643,0,-0.129784293109832,-0.0764192569092161,-0
3.6,1.78050734472826,-1.66260949750096,-1,0.230776544804604,0.135885257325551,0,-0.129784293109832,-0.0764192569092161,-0
3.61,1.78280862096165,-1.66125446589055,-1,0.229478701873506,0.135121064756459,0,-0.129784293109832,-0.0764192569092161,-0
3.62,1.78509691876573,-1.65990707620583,-1,0.228180858942408,0.134356872187367,0,-0.129784293109832,-0.0764192569092161,-0
3.63,1.7873722381405,-1.6585673284468,-1,0.22688301601131,0.133592679618275,0,-0.129784293109832,-0.0764192569092161,-0
3.64,1.78963457908596,-1.65723522261346,-1,0.225585173080211,0.132828487049183,0,-0.129784293109832,-0.0764192569092161,-0
3.65,1.79188394160211,-1.65591075870581,-1,0.224287330149113,0.13206429448009,0,-0.129784293109832,-0.0764192569092161,-0
3.66,1.79412032568894,-1.65459393672386,-1,0.222989487218015,0.131300101910998,0,-0.129784293109832,-0.0764192569092161,-0
3.67,1.79634373134647,-1.65328475666759,-1,0.221691644286916,0.130535909341906,0,-0.129784293109832,-0.0764192569092161,-0
3.68,1.79855415857468,-1.65198321853702,-1,0.220393801355818,0.129771716772814,0,-0.129784293109832,-0.0764192569092161,-0
3.69,1.80075160737358,-1.65068932233214,-1,0.21909595842472,0.129007524203722,0,-0.129784293109832,-0.0764192569092161,-0
3.7,1.80293607774318,-1.64940306805295,-1,0.217798115493621,0.12824333163463,0,-0.129784293109832,-0.0764192569092161,-0
3.71,1.80510756968346,-1.64812445569945,-1,0.216500272562523,0.127479139065537,0,-0.129784293109832,-0.0764192569092161,-0
3.72,1.80726608319443,-1.64685348527164,-1,0.215202429631425,0.126714946496445,0,-0.129784293109832,-0.0764192569092161,-0
3.73,1.80941161827608,-1.64559015676952,-1,0.213904586700326,0.125950753927353,0,-0.129784293109832,-0.0764192569092161,-0
3.74,1.81154417492843,-1.64433447019309,-1,0.212606743769228,0.125186561358261,0,-0.129784293109832,-0.0764192569092161,-0
3.75,1.81366375315147,-1.64308642554235,-1,0.21130890083813,0.124422368789169,0,-0.129784293109832,-0.0764192569092161,-0
3.76,1.81577035294519,-1.64184602281731,-1,0.210011057907031,0.123658176220077,0,-0.129784293109832,-0.0764192569092161,-0
3.77,1.81786397430961,-1.64061326201795,-1,0.208713214975933,0.122893983650984,0,-0.129784293109832,-0.0764192569092161,-0
3.78,1.81994461724471,-1.63938814314429,-1,0.207415372044835,0.122129791081892,0,-0.129784293109832,-0.0764192569092161,-0
3.79,1.82201228175051,-1.63817066619631,-1,0.206117529113736,0.1213655985128,0,-0.129784293109832,-0.0764192569092161,-0
3.8,1.82406696782699,-1.63696083117403,-1,0.204819686182638,0.120601405943708,0,-0.129784293109832,-0.0764192569092161,-0
3.81,1.82610867547416,-1.63575863807744,-1,0.20352184325154,0.119837213374616,0,-0.129784293109832,-0.0764192569092161,-0
3.82,1.82813740469202,-1.63456408690654,-1,0.202224000320441,0.119073020805524,0,-0.129784293109832,-0.0764192569092161,-0
3.83,1.83015315548057,-1.63337717766133,-1,0.200926157389343,0.118308828236432,0,-0.129784293109832,-0.0764192569092161,-0
3.84,1.83215592783981,-1.63219791034181,-1,0.199628314458245,0.117544635667339,0,-0.129784293109832,-0.0764192569092161,-0
3.85,1.83414572176973,-1.63102628494798,-1,0.198330471527146,0.116780443098247,0,-0.129784293109832,-0.0764192569092161,-0
3.86,1.83612253727035,-1.62986230147984,-1,0.197032628596048,0.116016250529155,0,-0.129784293109832,-0.0764192569092161,-0
3.87,1.83808637434165,-1.6287059599374,-1,0.19573478566495,0.115252057960063,0,-0.129784293109832,-0.0764192569092161,-0
3.88,1.84003723298365,-1.62755726032064,-1,0.194436942733852,0.114487865390971,0,-0.129784293109832,-0.0764192569092161,-0
3.89,1.84197511319633,-1.62641620262958,-1,0.193139099802753,0.113723672821879,0,-0.129784293109832,-0.0764192569092161,-0
3.9,1.8439000149797,-1.62528278686421,-1,0.191841256871655,0.112959480252786,0,-0.129784293109832,-0.0764192569092161,-0
3.91,1.84581193833376,-1.62415701302452,-1,0.190543413940557,0.112195287683694,0,-0.129784293109832,-0.0764192569092161,-0
3.92,1.84771088325851,-1.62303888111053,-1,0.189245571009458,0.111431095114602,0,-0.129784293109832,-0.0764192569092161,-0
3.93,1.84959684975395,-1.62192839112223,-1,0.18794772807836,0.11066690254551,0,-0.129784293109832,-0.0764192569092161,-0
3.94,1.85146983782008,-1.62082554305962,-1,0.186649885147262,0.109902709976418,0,-0.129784293109832,-0.0764192569092161,-0
3.95,1.8533298474569,-1.6197303369227,-1,0.185352042216163,0.109138517407326,0,-0.129784293109832,-0.0764192569092161,-0
3.96,1.8551768786644,-1.61864277271147,-1,0.184054199285065,0.108374324838233,0,-0.129784293109832,-0.0764192569092161,-0
3.97,1.8570109314426,-1.61756285042594,-1,0.182756356353967,0.107610132269141,0,-0.129784293109832,-0.0764192569092161,-0
3.98,1.85883200579148,-1.61649057006609,-1,0.181458513422868,0.106845939700049,0,-0.129784293109832,-0.0764192569092161,-0
3.99,1.86064010171106,-1.61542593163194,-1,0.18016067049177,0.106081747130957,0,-0.129784293109832,-0.0764192569092161,-0
4,1.86243521920132,-1.61436893512347,-1,0.178862827560672,0.105317554561865,0,-0.129784293109832,-0.0764192569092161,-0
4.01,1.86421735826227,-1.6133195805407,-1,0.177564984629573,0.104553361992773,0,-0.129784293109832,-0.0764192569092161,-0
4.02,1.86598651889391,-1.61227786788362,-1,0.176267141698475,0.10378916942368,0,-0.129784293109832,-0.0764192569092161,-0
4.03,1.86774270109624,-1.61124379715223,-1,0.174969298767377,0.103024976854588,0,-0.129784293109832,-0.0764192569092161,-0
4.04,1.86948590486926,-1.61021736834653,-1,0.173671455836278,0.102260784285496,0,-0.129784293109832,-0.0764192569092161,-0
4.05,1.87121613021297,-1.60919858146652,-1,0.17237361290518,0.101496591716404,0,-0.129784293109832,-0.0764192569092161,-0
4.06,1.87293337712736,-1.6081874365122,-1,0.171075769974082,0.100732399147312,0,-0.129784293109832,-0.0764192569092161,-0
4.07,1.87463764561245,-1.60718393348357,-1,0.169777927042983,0.0999682065782196,0,-0.129784293109832,-0.0764192569092161,-0
4.08,1.87632893566822,-1.60618807238063,-1,0.168480084111885,0.0992040140091275,0,-0.129784293109832,-0.0764192569092161,-0
4.09,1.87800724729468,-1.60519985320339,-1,0.167182241180787,0.0984398214400353,0,-0.129784293109832,-0.0764192569092161,-0
4.1,1.87967258049184,-1.60421927595183,-1,0.165884398249689,0.0976756288709432,0,-0.129784293109832,-0.0764192569092161,-0
4.11,1.88132493525968,-1.60324634062597,-1,0.16458655531859,0.096911436301851,0,-0.129784293109832,-0.0764192569092161,-0
4.12,1.88296431159821,-1.6022810472258,-1,0.163288712387492,0.0961472437327588,0,-0.129784293109832,-0.0764192569092161,-0
4.13,1.88459070950743,-1.60132339575131,-1,0.161990869456394,0.0953830511636667,0,-0.129784293109832,-0.0764192569092161,-0
4.14,1.88620412898734,-1.60037338620252,-1,0.160693026525295,0.0946188585945745,0,-0.129784293109832,-0.0764192569092161,-0
4.15,1.88780457003793,-1.59943101857942,-1,0.159395183594197,0.0938546660254823,0,-0.129784293109832,-0.0764192569092161,-0
4.16,1.88939203265922,-1.59849629288201,-1,0.158097340663099,0.0930904734563902,0,-0.129784293109832,-0.0764192569092161,-0
4.17,1.8909665168512,-1.59756920911029,-1,0.156799497732,0.092326280887298,0,-0.129784293109832,-0.0764192569092161,-0
4.18,1.89252802261386,-1.59664976726427,-1,0.155501654800902,0.0915620883182059,0,-0.129784293109832,-0.0764192569092161,-0
4.19,1.89407654994721,-1.59573796734393,-1,0.154203811869804,0.0907978957491137,0,-0.129784293109832,-0.0764192569092161,-0
4.2,1.89561209885126,-1.59483380934928,-1,0.152905968938705,0.0900337031800215,0,-0.129784293109832,-0.0764192569092161,-0
4.21,1.89713466932599,-1.59393729328033,-1,0.151608126007607,0.0892695106109294,0,-0.129784293109832,-0.0764192569092161,-0
4.22,1.89864426137141,-1.59304841913707,-1,0.150310283076509,0.0885053180418373,0,-0.129784293109832,-0.0764192569092161,-0
4.23,1.90014087498752,-1.59216718691949,-1,0.14901244014541,0.087741125472745,0,-0.129784293109832,-0.0764192569092161,-0
4.24,1.90162451017432,-1.59129359662761,-1,0.147714597214312,0.0869769329036529,0,-0.129784293109832,-0.0764192569092161,-0
4.25,1.9030951669318,-1.59042764826142,-1,0.146416754283214,0.0862127403345608,0,-0.129784293109832,-0.0764192569092161,-0
4.26,1.90455284525998,-1.58956934182092,-1,0.145118911352115,0.0854485477654686,0,-0.129784293109832,-0.0764192569092161,-0
4.27,1.90599754515885,-1.58871867730611,-1,0.143821068421017,0.0846843551963765,0,-0.129784293109832,-0.0764192569092161,-0
4.28,1.9074292666284,-1.58787565471699,-1,0.142523225489919,0.0839201626272842,0,-0.129784293109832,-0.0764192569092161,-0
4.29,1.90884800966865,-1.58704027405356,-1,0.14122538255882,0.0831559700581921,0,-0.129784293109832,-0.0764192569092161,-0
4.3,1.91025377427958,-1.58621253531583,-1,0.139927539627722,0.0823917774891,0,-0.129784293109832,-0.0764192569092161,-0
4.31,1.9116465604612,-1.58539243850378,-1,0.138629696696624,0.0816275849200077,0,-0.129784293109832,-0.0764192569092161,-0
4.32,1.91302636821351,-1.58457998361743,-1,0.137331853765525,0.0808633923509156,0,-0.129784293109832,-0.0764192569092161,-0
4.33,1.91439319753651,-1.58377517065676,-1,0.136034010834427,0.0800991997818234,0,-0.129784293109832,-0.0764192569092161,-0
4.34,1.9157470484302,-1.58297799962179,-1,0.134736167903329,0.0793350072127313,0,-0.129784293109832,-0.0764192569092161,-0
4.35,1.91708792089458,-1.58218847051251,-1,0.13343832497223,0.0785708146436392,0,-0.129784293109832,-0.0764192569092161,-0
4.36,1.91841581492964,-1.58140658332892,-1,0.132140482041132,0.077806622074547,0,-0.129784293109832,-0.0764192569092161,-0
4.37,1.9197307305354,-1.58063233807102,-1,0.130842639110034,0.0770424295054548,0,-0.129784293109832,-0.0764192569092161,-0
4.38,1.92103266771184,-1.57986573473881,-1,0.129544796178935,0.0762782369363627,0,-0.129784293109832,-0.0764192569092161,-0
4.39,1.92232162645898,-1.57910677333229,-1,0.128246953247837,0.0755140443672705,0,-0.129784293109832,-0.0764192569092161,-0
4.4,1.9235976067768,-1.57835545385146,-1,0.126949110316739,0.0747498517981783,0,-0.129784293109832,-0.0764192569092161,-0
4.41,1.92486060866531,-1.57761177629633,-1,0.125651267385641,0.0739856592290862,0,-0.129784293109832,-0.0764192569092161,-0
4.42,1.92611063212451,-1.57687574066688,-1,0.124353424454542,0.073221466659994,0,-0.129784293109832,-0.0764192569092161,-0
4.43,1.9273476771544,-1.57614734696313,-1,0.123055581523444,0.0724572740909019,0,-0.129784293109832,-0.0764192569092161,-0
4.44,1.92857174375498,-1.57542659518506,-1,0.121757738592346,0.0716930815218097,0,-0.129784293109832,-0.0764192569092161,-0
4.45,1.92978283192625,-1.57471348533269,-1,0.120459895661247,0.0709288889527175,0,-0.129784293109832,-0.0764192569092161,-0
4.46,1.93098094166821,-1.57400801740601,-1,0.119162052730149,0.0701646963836254,0,-0.129784293109832,-0.0764192569092161,-0
4.47,1.93216607298085,-1.57331019140502,-1,0.117864209799051,0.0694005038145332,0,-0.129784293109832,-0.0764192569092161,-0
4.48,1.93333822586419,-1.57262000732972,-1,0.116566366867952,0.068636311245441,0,-0.129784293109832,-0.0764192569092161,-0
4.49,1.93449740031821,-1.57193746518011,-1,0.115268523936854,0.0678721186763489,0,-0.129784293109832,-0.0764192569092161,-0
4.5,1.93564359634293,-1.57126256495619,-1,0.113970681005756,0.0671079261072567,0,-0.129784293109832,-0.0764192569092161,-0
4.51,1.93677681393833,-1.57059530665797,-1,0.112672838074657,0.0663437335381646,0,-0.129784293109832,-0.0764192569092161,-0
4.52,1.93789705310442,-1.56993569028543,-1,0.111374995143559,0.0655795409690724,0,-0.129784293109832,-0.0764192569092161,-0
4.53,1.9390043138412,-1.56928371583858,-1,0.110077152212461,0.0648153483999802,0,-0.129784293109832,-0.0764192569092161,-0
4.54,1.94009859614867,-1.56863938331743,-1,0.108779309281362,0.0640511558308881,0,-0.129784293109832,-0.0764192569092161,-0
4.55,1.94117990002683,-1.56800269272197,-1,0.107481466350264,0.0632869632617959,0,-0.129784293109832,-0.0764192569092161,-0
4.56,1.94224822547567,-1.56737364405219,-1,0.106183623419166,0.0625227706927037,0,-0.129784293109832,-0.0764192569092161,-0
4.57,1.94330357249521,-1.56675223730811,-1,0.104885780488067,0.0617585781236116,0,-0.129784293109832,-0.0764192569092161,-0
4.58,1.94434594108543,-1.56613847248972,-1,0.103587937556969,0.0609943855545194,0,-0.129784293109832,-0.0764192569092161,-0
4.59,1.94537533124635,-1.56553234959702,-1,0.102290094625871,0.0602301929854273,0,-0.129784293109832,-0.0764192569092161,-0
4.6,1.94639174297795,-1.56493386863001,-1,0.100992251694772,0.0594660004163351,0,-0.129784293109832,-0.0764192569092161,-0
4.61,1.94739517628024,-1.56434302958869,-1,0.0996944087636741,0.0587018078472429,0,-0.129784293109832,-0.0764192569092161,-0
4.62,1.94838563115323,-1.56375983247307,-1,0.0983965658325758,0.0579376152781508,0,-0.129784293109832,-0.0764192569092161,-0
4.63,1.9493631075969,-1.56318427728313,-1,0.0970987229014775,0.0571734227090586,0,-0.129784293109832,-0.0764192569092161,-0
4.64,1.95032760561126,-1.56261636401889,-1,0.0958008799703791,0.0564092301399664,0,-0.129784293109832,-0.0764192569092161,-0
4.65,1.9512791251963,-1.56205609268033,-1,0.0945030370392808,0.0556450375708743,0,-0.129784293109832,-0.0764192569092161,-0
4.66,1.95221766635204,-1.56150346326747,-1,0.0932051941081825,0.0548808450017821,0,-0.129784293109832,-0.0764192569092161,-0
4.67,1.95314322907847,-1.5609584757803,-1,0.0919073511770842,0.05411665243269,0,-0.129784293109832,-0.0764192569092161,-0
4.68,1.95405581337558,-1.56042113021882,-1,0.0906095082459859,0.0533524598635978,0,-0.129784293109832,-0.0764192569092161,-0
4.69,1.95495541924339,-1.55989142658302,-1,0.0893116653148875,0.0525882672945056,0,-0.129784293109832,-0.0764192569092161,-0
4.7,1.95584204668188,-1.55936936487293,-1,0.0880138223837892,0.0518240747254135,0,-0.129784293109832,-0.0764192569092161,-0
4.71,1.95671569569106,-1.55885494508852,-1,0.0867159794526909,0.0510598821563213,0,-0.129784293109832,-0.0764192569092161,-0
4.72,1.95757636627093,-1.5583481672298,-1,0.0854181365215926,0.0502956895872292,0,-0.129784293109832,-0.0764192569092161,-0
4.73,1.95842405842149,-1.55784903129677,-1,0.0841202935904942,0.049531497018137,0,-0.129784293109832,-0.0764192569092161,-0
4.74,1.95925877214274,-1.55735753728944,-1,0.0828224506593959,0.0487673044490448,0,-0.129784293109832,-0.0764192569092161,-0
4.75,1.96008050743468,-1.55687368520779,-1,0.0815246077282976,0.0480031118799527,0,-0.129784293109832,-0.0764192569092161,-0
4.76,1.96088926429731,-1.55639747505184,-1,0.0802267647971993,0.0472389193108605,0,-0.129784293109832,-0.0764192569092161,-0
4.77,1.96168504273063,-1.55592890682157,-1,0.0789289218661009,0.0464747267417683,0,-0.129784293109832,-0.0764192569092161,-0
4.78,1.96246784273463,-1.555467980517,-1,0.0776310789350026,0.0457105341726762,0,-0.129784293109832,-0.0764192569092161,-0
4.79,1.96323766430933,-1.55501469613812,-1,0.0763332360039043,0.044946341603584,0,-0.129784293109832,-0.0764192569092161,-0
4.8,1.96399450745471,-1.55456905368493,-1,0.075035393072806,0.0441821490344919,0,-0.129784293109832,-0.0764192569092161,-0
4.81,1.96473837217078,-1.55413105315743,-1,0.0737375501417076,0.0434179564653997,0,-0.129784293109832,-0.0764192569092161,-0
4.82,1.96546925845754,-1.55370069455562,-1,0.0724397072106094,0.0426537638963075,0,-0.129784293109832,-0.0764192569092161,-0
4.83,1.96618716631499,-1.5532779778795,-1,0.0711418642795111,0.0418895713272154,0,-0.129784293109832,-0.0764192569092161,-0
4.84,1.96689209574313,-1.55286290312908,-1,0.0698440213484128,0.0411253787581233,0,-0.129784293109832,-0.0764192569092161,-0
4.85,1.96758404674196,-1.55245547030434,-1,0.0685461784173145,0.0403611861890311,0,-0.129784293109832,-0.0764192569092161,-0
4.86,1.96826301931148,-1.5520556794053,-1,0.0672483354862161,0.0395969936199389,0,-0.129784293109832,-0.0764192569092161,-0
4.87,1.96892901345169,-1.55166353043194,-1,0.0659504925551178,0.0388328010508468,0,-0.129784293109832,-0.0764192569092161,-0
4.88,1.96958202916258,-1.55127902338428,-1,0.0646526496240195,0.0380686084817546,0,-0.129784293109832,-0.0764192569092161,-0
4.89,1.97022206644417,-1.55090215826231,-1,0.0633548066929211,0.0373044159126624,0,-0.129784293109832,-0.0764192569092161,-0
4.9,1.97084912529644,-1.55053293506603,-1,0.0620569637618228,0.0365402233435703,0,-0.129784293109832,-0.0764192569092161,-0
4.91,1.9714632057194,-1.55017135379544,-1,0.0607591208307245,0.0357760307744781,0,-0.129784293109832,-0.0764192569092161,-0
4.92,1.97206430771306,-1.54981741445054,-1,0.0594612778996262,0.035011838205386,0,-0.129784293109832,-0.0764192569092161,-0
4.93,1.9726524312774,-1.54947111703133,-1,0.0581634349685279,0.0342476456362938,0,-0.129784293109832,-0.0764192569092161,-0
4.94,1.97322757641243,-1.54913246153781,-1,0.0568655920374295,0.0334834530672016,0,-0.129784293109832,-0.0764192569092161,-0
4.95,1.97378974311815,-1.54880144796998,-1,0.0555677491063312,0.0327192604981095,0,-0.129784293109832,-0.0764192569092161,-0
4.96,1.97433893139455,-1.54847807632785,-1,0.0542699061752329,0.0319550679290173,0,-0.129784293109832,-0.0764192569092161,-0
4.97,1.97487514124165,-1.5481623466114,-1,0.0529720632441346,0.0311908753599252,0,-0.129784293109832,-0.0764192569092161,-0
4.98,1.97539837265944,-1.54785425882065,-1,0.0516742203130362,0.030426682790833,0,-0.129784293109832,-0.0764192569092161,-0
4.99,1.97590862564791,-1.54755381295559,-1,0.0503763773819379,0.0296624902217408,0,-0.129784293109832,-0.0764192569092161,-0
5,1.97640590020707,-1.54726100901622,-1,0.0490785344508396,0.0288982976526487,0,-0.129784293109832,-0.0764192569092161,-0
5.01,1.97689019633693,-1.54697584700253,-1,0.0477806915197413,0.0281341050835565,0,-0.129784293109832,-0.0764192569092161,-0
5.02,1.97736151403747,-1.54669832691454,-1,0.0464828485886429,0.0273699125144643,0,-0.129784293109832,-0.0764192569092161,-0
5.03,1.9778198533087,-1.54642844875225,-1,0.0451850056575446,0.0266057199453722,0,-0.129784293109832,-0.0764192569092161,-0
5.04,1.97826521415062,-1.54616621251564,-1,0.0438871627264463,0.02584152737628,0,-0.129784293109832,-0.0764192569092161,-0
5.05,1.97869759656323,-1.54591161820472,-1,0.042589319795348,0.0250773348071879,0,-0.129784293109832,-0.0764192569092161,-0
5.06,1.97911700054653,-1.54566466581949,-1,0.0412914768642496,0.0243131422380957,0,-0.129784293109832,-0.0764192569092161,-0
5.07,1.97952342610051,-1.54542535535996,-1,0.0399936339331513,0.0235489496690035,0,-0.129784293109832,-0.0764192569092161,-0
5.08,1.97991687322519,-1.54519368682611,-1,0.038695791002053,0.0227847570999114,0,-0.129784293109832,-0.0764192569092161,-0
5.09,1.98029734192056,-1.54496966021796,-1,0.0373979480709547,0.0220205645308192,0,-0.129784293109832,-0.0764192569092161,-0
5.1,1.98066483218661,-1.5447532755355,-1,0.0361001051398565,0.0212563719617271,0,-0.129784293109832,-0.0764192569092161,-0
5.11,1.98101934402335,-1.54454453277873,-1,0.034802262208758,0.0204921793926349,0,-0.129784293109832,-0.0764192569092161,-0
5.12,1.98136087743078,-1.54434343194764,-1,0.0335044192776598,0.0197279868235427,0,-0.129784293109832,-0.0764192569092161,-0
5.13,1.98168943240891,-1.54414997304225,-1,0.0322065763465615,0.0189637942544506,0,-0.129784293109832,-0.0764192569092161,-0
5.14,1.98200500895772,-1.54396415606256,-1,0.0309087334154632,0.0181996016853584,0,-0.129784293109832,-0.0764192569092161,-0
5.15,1.98230760707721,-1.54378598100855,-1,0.0296108904843648,0.0174354091162662,0,-0.129784293109832,-0.0764192569092161,-0
5.16,1.9825972267674,-1.54361544788023,-1,0.0283130475532665,0.0166712165471741,0,-0.129784293109832,-0.0764192569092161,-0
5.17,1.98287386802828,-1.5434525566776,-1,0.0270152046221682,0.0159070239780819,0,-0.129784293109832,-0.0764192569092161,-0
5.18,1.98313753085985,-1.54329730740067,-1,0.0257173616910699,0.0151428314089898,0,-0.129784293109832,-0.0764192569092161,-0
5.19,1.9833882152621,-1.54314970004942,-1,0.0244195187599715,0.0143786388398976,0,-0.129784293109832,-0.0764192569092161,-0
5.2,1.98362592123505,-1.54300973462387,-1,0.0231216758288732,0.0136144462708054,0,-0.129784293109832,-0.0764192569092161,-0
5.21,1.98385064877868,-1.54287741112401,-1,0.0218238328977749,0.0128502537017133,0,-0.129784293109832,-0.0764192569092161,-0
5.22,1.984062397893,-1.54275272954984,-1,0.0205259899666766,0.0120860611326211,0,-0.129784293109832,-0.0764192569092161,-0
5.23,1.98426116857801,-1.54263568990136,-1,0.0192281470355782,0.0113218685635289,0,-0.129784293109832,-0.0764192569092161,-0
5.24,1.98444696083371,-1.54252629217857,-1,0.0179303041044799,0.0105576759944368,0,-0.129784293109832,-0.0764192569092161,-0
5.25,1.9846197746601,-1.54242453638147,-1,0.0166324611733816,0.00979348342534464,0,-0.129784293109832,-0.0764192569092161,-0
5.26,1.98477961005718,-1.54233042251006,-1,0.0153346182422833,0.00902929085625249,0,-0.129784293109832,-0.0764192569092161,-0
5.27,1.98492646702495,-1.54224395056434,-1,0.0140367753111849,0.00826509828716028,0,-0.129784293109832,-0.0764192569092161,-0
5.28,1.9850603455634,-1.54216512054432,-1,0.0127389323800866,0.00750090571806814,0,-0.129784293109832,-0.0764192569092161,-0
5.29,1.98518124567255,-1.54209393244998,-1,0.0114410894489883,0.00673671314897599,0,-0.129784293109832,-0.0764192569092161,-0
5.3,1.98528916735238,-1.54203038628134,-1,0.01014324651789,0.00597252057988385,0,-0.129784293109832,-0.0764192569092161,-0
5.31,1.98538411060291,-1.54197448203838,-1,0.00884540358679162,0.00520832801079163,0,-0.129784293109832,-0.0764192569092161,-0
5.32,1.98546607542412,-1.54192621972112,-1,0.00754756065569332,0.00444413544169949,0,-0.129784293109832,-0.0764192569092161,-0
5.33,1.98553506181602,-1.54188559932955,-1,0.00624971772459503,0.00367994287260735,0,-0.129784293109832,-0.0764192569092161,-0
5.34,1.98559106977861,-1.54185262086367,-1,0.00495187479349674,0.0029157503035152,0,-0.129784293109832,-0.0764192569092161,-0
5.35,1.98563409931189,-1.54182728432348,-1,0.00365403186239833,0.00215155773442299,0,-0.129784293109832,-0.0764192569092161,-0
5.36,1.98566415041586,-1.54180958970898,-1,0.00235618893130003,0.00138736516533084,0,-0.129784293109832,-0.0764192569092161,-0
5.37,1.98568553831322,-1.54179699614173,-1,0,0,0,-0.129784293109832,-0.0764192569092161,-0
